fecha,morosidad,morosidad_sin_nuevos,efecto_pp
2015-01-31,2.5774,2.5774,0.0000
2015-02-28,2.5802,2.5802,0.0000
2015-03-31,2.5442,2.5442,0.0000
2015-04-30,2.5963,2.5963,0.0000
2015-05-31,2.6661,2.6661,0.0000
2015-06-30,2.6860,2.6860,0.0000
2015-07-31,2.7266,2.7266,0.0000
2015-08-31,2.6950,2.6950,0.0000
2015-09-30,2.5805,2.5805,0.0000
2015-10-31,2.6516,2.6516,0.0000
2015-11-30,2.6177,2.6177,0.0000
2015-12-31,2.5391,2.5391,0.0000
2016-01-31,2.6429,2.6429,0.0000
2016-02-29,2.7099,2.7099,0.0000
2016-03-31,2.7017,2.7017,0.0000
2016-04-30,2.7655,2.7655,0.0000
2016-05-31,2.8623,2.8623,0.0000
2016-06-30,2.8655,2.8655,0.0000
2016-07-31,2.8452,2.8452,0.0000
2016-08-31,2.9130,2.9130,0.0000
2016-09-30,2.8563,2.8563,0.0000
2016-10-31,2.9479,2.9479,0.0000
2016-11-30,2.9634,2.9634,0.0000
2016-12-31,2.7963,2.7963,0.0000
2017-01-31,2.9564,2.9564,0.0000
2017-02-28,2.9834,2.9834,0.0000
2017-03-31,3.0055,3.0055,0.0000
2017-04-30,3.0589,3.0589,0.0000
2017-05-31,3.1466,3.1466,0.0000
2017-06-30,3.0891,3.0891,0.0000
2017-07-31,3.1153,3.1153,0.0000
2017-08-31,3.1119,3.1119,0.0000
2017-09-30,3.0805,3.0805,0.0000
2017-10-31,3.1383,3.1383,0.0000
2017-11-30,3.1211,3.1211,0.0000
2017-12-31,3.0403,3.0403,0.0000
2018-01-31,3.1248,3.1248,0.0000
2018-02-28,3.2410,3.2410,0.0000
2018-03-31,3.0701,3.0701,0.0000
2018-04-30,3.1084,3.1084,0.0000
2018-05-31,3.1391,3.1391,0.0000
2018-06-30,3.1042,3.1042,0.0000
2018-07-31,3.1834,3.1834,0.0000
2018-08-31,3.2258,3.2258,0.0000
2018-09-30,3.0694,3.0694,0.0000
2018-10-31,3.0974,3.0974,0.0000
2018-11-30,3.0741,3.0741,0.0000
2018-12-31,2.9508,2.9508,0.0000
2019-01-31,3.0395,3.0395,0.0000
2019-02-28,3.0474,3.0474,0.0000
2019-03-31,2.9917,2.9917,0.0000
2019-04-30,3.0504,3.0504,0.0000
2019-05-31,3.1069,3.1069,0.0000
2019-06-30,3.0836,3.0836,0.0000
2019-07-31,3.1251,3.1251,0.0000
2019-08-31,3.1266,3.1266,0.0000
2019-09-30,3.1016,3.1016,0.0000
2019-10-31,3.0816,3.0816,0.0000
2019-11-30,3.0488,3.0488,0.0000
2019-12-31,3.0190,3.0190,0.0000
2020-01-31,3.0933,3.0933,0.0000
2020-02-29,3.0908,3.0908,0.0000
2020-03-31,3.1494,3.1494,0.0000
2020-04-30,3.3848,3.3848,0.0000
2020-05-31,3.0770,3.0770,0.0000
2020-06-30,3.1484,3.1484,0.0000
2020-07-31,3.0227,3.0227,0.0000
2020-08-31,3.1043,3.1043,0.0000
2020-09-30,3.2901,3.2901,0.0000
2020-10-31,3.5166,3.5166,0.0000
2020-11-30,3.6988,3.6988,0.0000
2020-12-31,3.7994,3.7994,0.0000
2021-01-31,3.8369,3.8369,0.0000
2021-02-28,3.8433,3.8433,0.0000
2021-03-31,3.7534,3.7534,0.0000
2021-04-30,3.6268,3.6268,0.0000
2021-05-31,3.5680,3.5680,0.0000
2021-06-30,3.6030,3.6030,0.0000
2021-07-31,3.6628,3.6628,0.0000
2021-08-31,3.7004,3.7004,0.0000
2021-09-30,3.7331,3.7331,0.0000
2021-10-31,3.8418,3.8418,0.0000
2021-11-30,3.8421,3.8421,0.0000
2021-12-31,3.7694,3.7694,0.0000
2022-01-31,3.8787,3.8787,0.0000
2022-02-28,3.8309,3.8309,0.0000
2022-03-31,3.8052,3.8052,0.0000
2022-04-30,3.7646,3.7646,0.0000
2022-05-31,3.8028,3.8028,0.0000
2022-06-30,3.8267,3.8267,0.0000
2022-07-31,3.8283,3.8283,0.0000
2022-08-31,3.9326,3.9326,0.0000
2022-09-30,3.9673,3.9673,0.0000
2022-10-31,4.0316,4.0316,0.0000
2022-11-30,4.0048,4.0048,0.0000
2022-12-31,3.9460,3.9460,0.0000
2023-01-31,4.0126,4.0126,0.0000
2023-02-28,4.0145,4.0145,0.0000
2023-03-31,3.9570,3.9570,0.0000
2023-04-30,4.0123,4.0123,0.0000
2023-05-31,4.0459,4.0459,0.0000
2023-06-30,4.0665,4.0665,0.0000
2023-07-31,4.2380,4.2380,0.0000
2023-08-31,4.2952,4.2952,0.0000
2023-09-30,4.2862,4.2862,0.0000
2023-10-31,4.3842,4.3842,0.0000
2023-11-30,4.3841,4.3841,0.0000
2023-12-31,4.3149,4.3149,0.0000
2024-01-31,4.4246,4.4246,0.0000
2024-02-29,4.4331,4.4331,0.0000
2024-03-31,4.4684,4.4684,0.0000
2024-04-30,4.4632,4.4632,0.0000
2024-05-31,4.4924,4.4924,0.0000
2024-06-30,4.4220,4.4220,0.0000
2024-07-31,4.4340,4.4340,0.0000
2024-08-31,4.2192,4.2192,0.0000
2024-09-30,4.1556,4.1556,0.0000
2024-10-31,4.0705,4.0705,0.0000
2024-11-30,3.9164,3.9164,0.0000
2024-12-31,3.7477,3.7477,0.0000
2025-01-31,3.7572,3.7273,0.0299
2025-02-28,3.6703,3.6419,0.0285
2025-03-31,3.7147,3.6881,0.0266
2025-04-30,3.6453,3.6172,0.0281
2025-05-31,3.6048,3.5760,0.0288
2025-06-30,3.5039,3.4704,0.0336
2025-07-31,3.5215,3.4882,0.0333
2025-08-31,3.4625,3.4312,0.0313
2025-09-30,3.4091,3.3826,0.0265
2025-10-31,3.3902,3.3660,0.0241
2025-11-30,3.2580,3.2381,0.0199
2025-12-31,3.2617,3.2432,0.0185
2026-01-31,3.1957,3.1783,0.0173
2026-02-28,3.1088,3.0917,0.0171
2026-03-31,2.9873,2.9690,0.0183
2026-04-30,2.8951,2.8734,0.0218
2026-05-31,2.8346,2.8062,0.0284
2026-06-30,2.8494,2.8171,0.0323
2026-07-31,2.8513,2.8141,0.0372
