entidad_id,tipo_credito,directos,participacion_tipo,morosidad,morosidad_sistema,brecha_pp,aporte_atrasados_pct
ALFIN,consumo,800977.9590,0.9140,3.1504,2.4913,0.6591,1.1558
ALFIN,corporativo,145243.8870,0.1242,0.0000,0.1170,-0.1170,0.0000
ALFIN,grandes_empresas,102182.9120,0.2641,1.0738,1.9030,-0.8292,0.1490
ALFIN,medianas_empresas,48792.7550,0.2521,5.9211,6.8419,-0.9208,0.2182
ALFIN,microempresas,16.9740,0.0004,50.3005,5.1231,45.1774,0.0038
ALFIN,pequenas_empresas,6406.5800,0.0118,4.9764,8.9936,-4.0173,0.0065
BANCOM,consumo,1438845.3687,1.6418,3.6672,2.4913,1.1759,2.4167
BANCOM,corporativo,86315.7970,0.0738,0.0002,0.1170,-0.1168,0.0001
BANCOM,grandes_empresas,106728.0320,0.2758,4.4650,1.9030,2.5620,0.6471
BANCOM,hipotecario,101410.4250,0.1361,7.1510,2.3998,4.7511,0.4054
BANCOM,medianas_empresas,43731.3410,0.2259,18.3433,6.8419,11.5014,0.6057
BANCOM,microempresas,79.9010,0.0018,3.4493,5.1231,-1.6738,0.0012
BANCOM,pequenas_empresas,62706.1640,0.1152,13.7833,8.9936,4.7896,0.1765
BANK_OF_CHINA,corporativo,357308.4800,0.3056,0.0000,0.1170,-0.1170,0.0000
BBVA,consumo,16810888.9908,19.1820,2.5848,2.4913,0.0935,19.9016
BBVA,corporativo,21969831.4840,18.7914,0.1678,0.1170,0.0507,26.9391
BBVA,grandes_empresas,12018627.1680,31.0574,2.7073,1.9030,0.8043,44.1838
BBVA,hipotecario,19300942.7040,25.8953,1.6017,2.3998,-0.7982,17.2828
BBVA,medianas_empresas,5712683.0910,29.5137,5.8344,6.8419,-1.0075,25.1679
BBVA,microempresas,32630.4630,0.7504,7.1366,5.1231,2.0135,1.0454
BBVA,pequenas_empresas,9694606.8400,17.8043,9.8665,8.9936,0.8729,19.5323
BCI,corporativo,2383255.2620,2.0385,0.0000,0.1170,-0.1170,0.0000
BCI,grandes_empresas,122218.7140,0.3158,0.0000,1.9030,-1.9030,0.0000
BCP,consumo,24345920.1757,27.7797,2.2906,2.4913,-0.2007,25.5421
BCP,corporativo,44993952.6440,38.4845,0.1632,0.1170,0.0462,53.6612
BCP,grandes_empresas,12896288.3130,33.3253,0.7055,1.9030,-1.1975,12.3550
BCP,hipotecario,25161298.9780,33.7579,2.1965,2.3998,-0.2033,30.8975
BCP,medianas_empresas,7162292.8290,37.0029,1.9800,6.8419,-4.8619,10.7086
BCP,microempresas,299567.9630,6.8895,6.5020,5.1231,1.3789,8.7438
BCP,pequenas_empresas,21210565.3420,38.9536,10.3217,8.9936,1.3281,44.7059
BIF,consumo,2502066.9455,2.8550,2.0707,2.4913,-0.4206,2.3729
BIF,corporativo,6000909.1800,5.1327,0.1568,0.1170,0.0397,6.8759
BIF,grandes_empresas,2017146.8670,5.2125,1.8602,1.9030,-0.0428,5.0953
BIF,hipotecario,3738531.9050,5.0158,3.3565,2.3998,0.9566,7.0152
BIF,medianas_empresas,998974.4690,5.1611,6.3099,6.8419,-0.5320,4.7597
BIF,microempresas,567.4010,0.0130,31.3780,5.1231,26.2549,0.0799
BIF,pequenas_empresas,434197.1120,0.7974,45.6203,8.9936,36.6266,4.0449
CITIBANK,corporativo,1321059.3730,1.1299,0.0000,0.1170,-0.1170,0.0000
CITIBANK,grandes_empresas,45732.6680,0.1182,0.0000,1.9030,-1.9030,0.0000
CITIBANK,medianas_empresas,244063.3560,1.2609,0.0000,6.8419,-6.8419,0.0000
CITIBANK,microempresas,68865.4170,1.5838,0.0000,5.1231,-5.1231,0.0000
CITIBANK,pequenas_empresas,110.6540,0.0002,0.0000,8.9936,-8.9936,0.0000
COMPARTAMOS,consumo,910169.9442,1.0385,2.4887,2.4913,-0.0027,1.0374
COMPARTAMOS,microempresas,1926441.5430,44.3046,5.9012,5.1231,0.7781,51.0337
COMPARTAMOS,pequenas_empresas,2070498.0420,3.8025,5.4418,8.9936,-3.5518,2.3008
EFECTIVA,consumo,935302.2033,1.0672,2.7988,2.4913,0.3075,1.1990
EFECTIVA,hipotecario,297736.8660,0.3995,2.3519,2.3998,-0.0479,0.3915
EFECTIVA,microempresas,76048.1500,1.7490,11.9486,5.1231,6.8255,4.0791
EFECTIVA,pequenas_empresas,123567.4620,0.2269,5.3802,8.9936,-3.6134,0.1358
FALABELLA,consumo,3934494.3051,4.4894,2.3406,2.4913,-0.1507,4.2179
FALABELLA,microempresas,309.1210,0.0071,91.6508,5.1231,86.5277,0.1272
FALABELLA,pequenas_empresas,1309.9420,0.0024,64.6247,8.9936,55.6311,0.0173
GNB,consumo,2068648.6371,2.3604,0.6817,2.4913,-1.8096,0.6459
GNB,corporativo,1121940.5950,0.9596,0.0000,0.1170,-0.1170,0.0000
GNB,grandes_empresas,505607.2480,1.3065,0.2418,1.9030,-1.6612,0.1660
GNB,hipotecario,572187.0020,0.7677,4.8405,2.3998,2.4407,1.5484
GNB,medianas_empresas,84596.5490,0.4371,45.5080,6.8419,38.6661,2.9070
GNB,pequenas_empresas,5288.2330,0.0097,35.0203,8.9936,26.0266,0.0378
ICBC,corporativo,1067103.7700,0.9127,0.9547,0.1170,0.8377,7.4461
ICBC,grandes_empresas,108906.8110,0.2814,1.8632,1.9030,-0.0398,0.2755
INTERBANK,consumo,15835171.0733,18.0686,2.8416,2.4913,0.3503,20.6089
INTERBANK,corporativo,16842583.1390,14.4059,0.0002,0.1170,-0.1168,0.0277
INTERBANK,grandes_empresas,4413032.4780,11.4037,3.2320,1.9030,1.3290,19.3676
INTERBANK,hipotecario,11819392.9980,15.8576,2.9419,2.3998,0.5421,19.4394
INTERBANK,medianas_empresas,1844433.5910,9.5290,7.8720,6.8419,1.0301,10.9637
INTERBANK,microempresas,7730.7960,0.1778,11.7347,5.1231,6.6116,0.4072
INTERBANK,pequenas_empresas,2369195.4220,4.3511,3.6000,8.9936,-5.3936,1.7417
MIBANCO,consumo,516934.5240,0.5898,1.8279,2.4913,-0.6634,0.4328
MIBANCO,hipotecario,328882.2450,0.4412,7.7779,2.3998,5.3781,1.4301
MIBANCO,medianas_empresas,4111.2970,0.0212,0.0000,6.8419,-6.8419,0.0000
MIBANCO,microempresas,1928548.2160,44.3531,3.7665,5.1231,-1.3566,32.6082
MIBANCO,pequenas_empresas,12026544.6680,22.0870,3.8727,8.9936,-5.1209,9.5108
PICHINCHA,consumo,2363404.2623,2.6967,2.8168,2.4913,0.3255,3.0491
PICHINCHA,corporativo,1652249.4950,1.4132,0.0000,0.1170,-0.1170,0.0002
PICHINCHA,grandes_empresas,641270.3680,1.6571,0.0451,1.9030,-1.8579,0.0392
PICHINCHA,hipotecario,1597319.7740,2.1431,4.7858,2.3998,2.3860,4.2737
PICHINCHA,medianas_empresas,485636.8980,2.5090,10.5474,6.8419,3.7055,3.8678
PICHINCHA,microempresas,906.4920,0.0208,44.1995,5.1231,39.0764,0.1799
PICHINCHA,pequenas_empresas,196927.0350,0.3617,68.7068,8.9936,59.7132,2.7629
RIPLEY,consumo,1515527.9100,1.7293,3.2049,2.4913,0.7135,2.2246
SANTANDER,consumo,23479.7115,0.0268,6.1955,2.4913,3.7042,0.0666
SANTANDER,corporativo,3575919.3470,3.0586,0.0000,0.1170,-0.1170,0.0009
SANTANDER,grandes_empresas,1689003.2010,4.3646,2.0388,1.9030,0.1358,4.6760
SANTANDER,medianas_empresas,275470.7820,1.4232,36.9505,6.8419,30.1086,7.6861
SANTANDER,pequenas_empresas,1448.0340,0.0027,64.8213,8.9936,55.8276,0.0192
SANTANDER_CONSUMER,consumo,2515406.7970,2.8702,3.8747,2.4913,1.3834,4.4640
SANTANDER_CONSUMER,hipotecario,71555.4970,0.0960,1.5443,2.3998,-0.8555,0.0618
SANTANDER_CONSUMER,microempresas,2489.8230,0.0573,63.1612,5.1231,58.0380,0.7060
SANTANDER_CONSUMER,pequenas_empresas,2551.8890,0.0047,26.9200,8.9936,17.9263,0.0140
SCOTIABANK,consumo,11121862.9698,12.6905,2.0936,2.4913,-0.3977,10.6646
SCOTIABANK,corporativo,15396751.2850,13.1692,0.0449,0.1170,-0.0722,5.0490
SCOTIABANK,grandes_empresas,4031410.4680,10.4176,2.3830,1.9030,0.4800,13.0454
SCOTIABANK,hipotecario,11545382.2810,15.4900,2.6732,2.3998,0.2733,17.2542
SCOTIABANK,medianas_empresas,2451224.2340,12.6639,17.8912,6.8419,11.0493,33.1154
SCOTIABANK,microempresas,3971.0760,0.0913,55.2298,5.1231,50.1067,0.9846
SCOTIABANK,pequenas_empresas,6244864.0840,11.4688,11.7577,8.9936,2.7641,14.9936
