periodo,fecha,anio,mes,mes_nombre,periodo_etiqueta,trimestre,hito
2015-01,2015-01-31,2015,1,Ene,Ene 2015,T1,
2015-02,2015-02-28,2015,2,Feb,Feb 2015,T1,
2015-03,2015-03-31,2015,3,Mar,Mar 2015,T1,
2015-04,2015-04-30,2015,4,Abr,Abr 2015,T2,
2015-05,2015-05-31,2015,5,May,May 2015,T2,
2015-06,2015-06-30,2015,6,Jun,Jun 2015,T2,
2015-07,2015-07-31,2015,7,Jul,Jul 2015,T3,
2015-08,2015-08-31,2015,8,Ago,Ago 2015,T3,
2015-09,2015-09-30,2015,9,Set,Set 2015,T3,
2015-10,2015-10-31,2015,10,Oct,Oct 2015,T4,
2015-11,2015-11-30,2015,11,Nov,Nov 2015,T4,
2015-12,2015-12-31,2015,12,Dic,Dic 2015,T4,
2016-01,2016-01-31,2016,1,Ene,Ene 2016,T1,
2016-02,2016-02-29,2016,2,Feb,Feb 2016,T1,
2016-03,2016-03-31,2016,3,Mar,Mar 2016,T1,
2016-04,2016-04-30,2016,4,Abr,Abr 2016,T2,
2016-05,2016-05-31,2016,5,May,May 2016,T2,
2016-06,2016-06-30,2016,6,Jun,Jun 2016,T2,
2016-07,2016-07-31,2016,7,Jul,Jul 2016,T3,
2016-08,2016-08-31,2016,8,Ago,Ago 2016,T3,
2016-09,2016-09-30,2016,9,Set,Set 2016,T3,
2016-10,2016-10-31,2016,10,Oct,Oct 2016,T4,
2016-11,2016-11-30,2016,11,Nov,Nov 2016,T4,
2016-12,2016-12-31,2016,12,Dic,Dic 2016,T4,
2017-01,2017-01-31,2017,1,Ene,Ene 2017,T1,
2017-02,2017-02-28,2017,2,Feb,Feb 2017,T1,
2017-03,2017-03-31,2017,3,Mar,Mar 2017,T1,
2017-04,2017-04-30,2017,4,Abr,Abr 2017,T2,
2017-05,2017-05-31,2017,5,May,May 2017,T2,
2017-06,2017-06-30,2017,6,Jun,Jun 2017,T2,
2017-07,2017-07-31,2017,7,Jul,Jul 2017,T3,
2017-08,2017-08-31,2017,8,Ago,Ago 2017,T3,
2017-09,2017-09-30,2017,9,Set,Set 2017,T3,
2017-10,2017-10-31,2017,10,Oct,Oct 2017,T4,
2017-11,2017-11-30,2017,11,Nov,Nov 2017,T4,
2017-12,2017-12-31,2017,12,Dic,Dic 2017,T4,
2018-01,2018-01-31,2018,1,Ene,Ene 2018,T1,
2018-02,2018-02-28,2018,2,Feb,Feb 2018,T1,
2018-03,2018-03-31,2018,3,Mar,Mar 2018,T1,
2018-04,2018-04-30,2018,4,Abr,Abr 2018,T2,
2018-05,2018-05-31,2018,5,May,May 2018,T2,
2018-06,2018-06-30,2018,6,Jun,Jun 2018,T2,
2018-07,2018-07-31,2018,7,Jul,Jul 2018,T3,
2018-08,2018-08-31,2018,8,Ago,Ago 2018,T3,
2018-09,2018-09-30,2018,9,Set,Set 2018,T3,
2018-10,2018-10-31,2018,10,Oct,Oct 2018,T4,
2018-11,2018-11-30,2018,11,Nov,Nov 2018,T4,
2018-12,2018-12-31,2018,12,Dic,Dic 2018,T4,
2019-01,2019-01-31,2019,1,Ene,Ene 2019,T1,
2019-02,2019-02-28,2019,2,Feb,Feb 2019,T1,
2019-03,2019-03-31,2019,3,Mar,Mar 2019,T1,
2019-04,2019-04-30,2019,4,Abr,Abr 2019,T2,
2019-05,2019-05-31,2019,5,May,May 2019,T2,
2019-06,2019-06-30,2019,6,Jun,Jun 2019,T2,
2019-07,2019-07-31,2019,7,Jul,Jul 2019,T3,
2019-08,2019-08-31,2019,8,Ago,Ago 2019,T3,
2019-09,2019-09-30,2019,9,Set,Set 2019,T3,
2019-10,2019-10-31,2019,10,Oct,Oct 2019,T4,
2019-11,2019-11-30,2019,11,Nov,Nov 2019,T4,
2019-12,2019-12-31,2019,12,Dic,Dic 2019,T4,
2020-01,2020-01-31,2020,1,Ene,Ene 2020,T1,
2020-02,2020-02-29,2020,2,Feb,Feb 2020,T1,
2020-03,2020-03-31,2020,3,Mar,Mar 2020,T1,
2020-04,2020-04-30,2020,4,Abr,Abr 2020,T2,COVID-19: reprogramaciones y suspensión del conteo de días de atraso (abr–ago 2020)
2020-05,2020-05-31,2020,5,May,May 2020,T2,
2020-06,2020-06-30,2020,6,Jun,Jun 2020,T2,
2020-07,2020-07-31,2020,7,Jul,Jul 2020,T3,
2020-08,2020-08-31,2020,8,Ago,Ago 2020,T3,
2020-09,2020-09-30,2020,9,Set,Set 2020,T3,
2020-10,2020-10-31,2020,10,Oct,Oct 2020,T4,
2020-11,2020-11-30,2020,11,Nov,Nov 2020,T4,
2020-12,2020-12-31,2020,12,Dic,Dic 2020,T4,
2021-01,2021-01-31,2021,1,Ene,Ene 2021,T1,
2021-02,2021-02-28,2021,2,Feb,Feb 2021,T1,
2021-03,2021-03-31,2021,3,Mar,Mar 2021,T1,
2021-04,2021-04-30,2021,4,Abr,Abr 2021,T2,
2021-05,2021-05-31,2021,5,May,May 2021,T2,
2021-06,2021-06-30,2021,6,Jun,Jun 2021,T2,
2021-07,2021-07-31,2021,7,Jul,Jul 2021,T3,
2021-08,2021-08-31,2021,8,Ago,Ago 2021,T3,
2021-09,2021-09-30,2021,9,Set,Set 2021,T3,
2021-10,2021-10-31,2021,10,Oct,Oct 2021,T4,
2021-11,2021-11-30,2021,11,Nov,Nov 2021,T4,
2021-12,2021-12-31,2021,12,Dic,Dic 2021,T4,
2022-01,2022-01-31,2022,1,Ene,Ene 2022,T1,
2022-02,2022-02-28,2022,2,Feb,Feb 2022,T1,
2022-03,2022-03-31,2022,3,Mar,Mar 2022,T1,
2022-04,2022-04-30,2022,4,Abr,Abr 2022,T2,
2022-05,2022-05-31,2022,5,May,May 2022,T2,
2022-06,2022-06-30,2022,6,Jun,Jun 2022,T2,
2022-07,2022-07-31,2022,7,Jul,Jul 2022,T3,
2022-08,2022-08-31,2022,8,Ago,Ago 2022,T3,
2022-09,2022-09-30,2022,9,Set,Set 2022,T3,
2022-10,2022-10-31,2022,10,Oct,Oct 2022,T4,
2022-11,2022-11-30,2022,11,Nov,Nov 2022,T4,
2022-12,2022-12-31,2022,12,Dic,Dic 2022,T4,
2023-01,2023-01-31,2023,1,Ene,Ene 2023,T1,
2023-02,2023-02-28,2023,2,Feb,Feb 2023,T1,
2023-03,2023-03-31,2023,3,Mar,Mar 2023,T1,
2023-04,2023-04-30,2023,4,Abr,Abr 2023,T2,
2023-05,2023-05-31,2023,5,May,May 2023,T2,
2023-06,2023-06-30,2023,6,Jun,Jun 2023,T2,
2023-07,2023-07-31,2023,7,Jul,Jul 2023,T3,
2023-08,2023-08-31,2023,8,Ago,Ago 2023,T3,
2023-09,2023-09-30,2023,9,Set,Set 2023,T3,
2023-10,2023-10-31,2023,10,Oct,Oct 2023,T4,
2023-11,2023-11-30,2023,11,Nov,Nov 2023,T4,
2023-12,2023-12-31,2023,12,Dic,Dic 2023,T4,
2024-01,2024-01-31,2024,1,Ene,Ene 2024,T1,
2024-02,2024-02-29,2024,2,Feb,Feb 2024,T1,
2024-03,2024-03-31,2024,3,Mar,Mar 2024,T1,
2024-04,2024-04-30,2024,4,Abr,Abr 2024,T2,
2024-05,2024-05-31,2024,5,May,May 2024,T2,
2024-06,2024-06-30,2024,6,Jun,Jun 2024,T2,
2024-07,2024-07-31,2024,7,Jul,Jul 2024,T3,
2024-08,2024-08-31,2024,8,Ago,Ago 2024,T3,
2024-09,2024-09-30,2024,9,Set,Set 2024,T3,
2024-10,2024-10-31,2024,10,Oct,Oct 2024,T4,Res. SBS 2368-2023: nuevos criterios de tipificación de créditos empresariales
2024-11,2024-11-30,2024,11,Nov,Nov 2024,T4,
2024-12,2024-12-31,2024,12,Dic,Dic 2024,T4,
2025-01,2025-01-31,2025,1,Ene,Ene 2025,T1,Compartamos Financiera se convierte en banco y entra al sistema
2025-02,2025-02-28,2025,2,Feb,Feb 2025,T1,
2025-03,2025-03-31,2025,3,Mar,Mar 2025,T1,
2025-04,2025-04-30,2025,4,Abr,Abr 2025,T2,
2025-05,2025-05-31,2025,5,May,May 2025,T2,
2025-06,2025-06-30,2025,6,Jun,Jun 2025,T2,Santander Consumer se convierte en banco y entra al sistema
2025-07,2025-07-31,2025,7,Jul,Jul 2025,T3,
2025-08,2025-08-31,2025,8,Ago,Ago 2025,T3,
2025-09,2025-09-30,2025,9,Set,Set 2025,T3,
2025-10,2025-10-31,2025,10,Oct,Oct 2025,T4,
2025-11,2025-11-30,2025,11,Nov,Nov 2025,T4,
2025-12,2025-12-31,2025,12,Dic,Dic 2025,T4,
2026-01,2026-01-31,2026,1,Ene,Ene 2026,T1,
2026-02,2026-02-28,2026,2,Feb,Feb 2026,T1,
2026-03,2026-03-31,2026,3,Mar,Mar 2026,T1,
2026-04,2026-04-30,2026,4,Abr,Abr 2026,T2,
2026-05,2026-05-31,2026,5,May,May 2026,T2,
2026-06,2026-06-30,2026,6,Jun,Jun 2026,T2,
2026-07,2026-07-31,2026,7,Jul,Jul 2026,T3,
