fecha,tasa_referencia,inflacion_12m,tipo_cambio,pbi_indice,pbi_var_12m
2015-01-31,3.250000,3.073263,3.005525,138.204498,
2015-02-28,3.250000,2.768585,3.078525,137.477202,
2015-03-31,3.250000,3.020199,3.091682,148.346993,
2015-04-30,3.250000,3.017413,3.119953,152.057063,
2015-05-31,3.250000,3.366202,3.150450,150.170962,
2015-06-30,3.250000,3.544910,3.161238,150.586504,
2015-07-31,3.250000,3.562925,3.181250,153.258351,
2015-08-31,3.250000,4.042673,3.238357,149.484691,
2015-09-30,3.500000,3.904555,3.218614,152.000861,
2015-10-31,3.500000,3.660205,3.248375,155.730683,
2015-11-30,3.500000,4.172567,3.336643,153.424812,
2015-12-31,3.750000,4.397929,3.382667,170.392438,
2016-01-31,4.000000,4.608688,3.437325,143.098357,3.541027
2016-02-29,4.250000,4.473757,3.505905,146.309197,6.424334
2016-03-31,4.250000,4.301081,3.407381,153.612432,3.549407
2016-04-30,4.250000,3.907213,3.301548,156.263690,2.766479
2016-05-31,4.250000,3.540618,3.333727,157.489549,4.873504
2016-06-30,4.250000,3.341619,3.316571,155.975301,3.578539
2016-07-31,4.250000,2.961959,3.298737,158.745902,3.580588
2016-08-31,4.250000,2.942531,3.333045,158.115556,5.773745
2016-09-30,4.250000,3.126671,3.382295,158.854565,4.508990
2016-10-31,4.250000,3.405288,3.385952,159.126757,2.180736
2016-11-30,4.250000,3.349632,3.402895,158.822599,3.518197
2016-12-31,4.250000,3.234882,3.395357,176.321093,3.479412
2017-01-31,4.250000,3.096364,3.340000,150.276433,5.016183
2017-02-28,4.250000,3.249793,3.259825,147.461286,0.787434
2017-03-31,4.250000,3.974854,3.263739,155.400167,1.163796
2017-04-30,4.250000,3.694716,3.247361,156.751508,0.312176
2017-05-31,4.000000,3.039803,3.272864,163.251278,3.658483
2017-06-30,4.000000,2.732444,3.267800,162.167775,3.970163
2017-07-31,3.750000,2.852069,3.248921,162.286310,2.230236
2017-08-31,3.750000,3.173810,3.241432,162.638412,2.860475
2017-09-30,3.500000,2.944995,3.246167,164.181090,3.353083
2017-10-31,3.500000,2.040143,3.251045,164.870807,3.609732
2017-11-30,3.250000,1.544338,3.240524,162.050069,2.032123
2017-12-31,3.250000,1.364856,3.246184,178.822861,1.418870
2018-01-31,3.000000,1.253188,3.215167,154.592875,2.872335
2018-02-28,3.000000,1.179561,3.248375,151.463758,2.714253
2018-03-31,2.750000,0.363136,3.251900,161.431968,3.881463
2018-04-30,2.750000,0.484870,3.230625,169.423666,8.084233
2018-05-31,2.750000,0.930693,3.273614,174.200964,6.707259
2018-06-30,2.750000,1.429334,3.270950,165.527593,2.071816
2018-07-31,2.750000,1.616101,3.276595,166.517234,2.607074
2018-08-31,2.750000,1.070575,3.288071,166.411983,2.320221
2018-09-30,2.750000,1.280281,3.311325,168.105435,2.390254
2018-10-31,2.750000,1.840894,3.333909,171.604534,4.084245
2018-11-30,2.750000,2.167097,3.374675,170.249556,5.059848
2018-12-31,2.750000,2.192523,3.364026,187.243183,4.708750
2019-01-31,2.750000,2.129158,3.343864,157.193198,1.682045
2019-02-28,2.750000,2.003385,3.321475,154.617113,2.081921
2019-03-31,2.750000,2.247441,3.304690,166.897500,3.385657
2019-04-30,2.750000,2.592645,3.303825,169.417386,-0.003707
2019-05-31,2.750000,2.725128,3.332364,175.401831,0.689357
2019-06-30,2.750000,2.294781,3.325650,170.192831,2.818405
2019-07-31,2.750000,2.111913,3.290214,173.061735,3.930225
2019-08-31,2.500000,2.039723,3.377560,172.594321,3.715080
2019-09-30,2.500000,1.851007,3.357357,172.360592,2.531243
2019-10-31,2.500000,1.880562,3.359762,176.250971,2.707642
2019-11-30,2.250000,1.866797,3.371700,174.183397,2.310632
2019-12-31,2.250000,1.900092,3.355190,189.566260,1.240674
2020-01-31,2.250000,1.888356,3.327364,162.385738,3.303286
2020-02-29,2.250000,1.904038,3.390350,161.698428,4.579904
2020-03-31,1.250000,1.821533,3.491364,137.513515,-17.606007
2020-04-30,0.250000,1.724490,3.397500,102.875344,-39.276986
2020-05-31,0.250000,1.781920,3.421150,117.997641,-32.727247
2020-06-30,0.250000,1.598732,3.470167,139.382065,-18.103446
2020-07-31,0.250000,1.861696,3.516568,153.991673,-11.019225
2020-08-31,0.250000,1.687398,3.563929,156.775164,-9.165515
2020-09-30,0.250000,1.819554,3.554909,162.247835,-5.867209
2020-10-31,0.250000,1.724000,3.595614,170.514293,-3.254834
2020-11-30,0.250000,2.142210,3.607762,170.513325,-2.107016
2020-12-31,0.250000,1.973232,3.602619,191.519405,1.030323
2021-01-31,0.250000,2.675545,3.624575,160.766198,-0.997341
2021-02-28,0.250000,2.401342,3.645275,155.519404,-3.821326
2021-03-31,0.250000,2.598185,3.708152,164.834994,19.868214
2021-04-30,0.250000,2.383698,3.699450,164.492286,59.894762
2021-05-31,0.250000,2.447459,3.773548,175.343695,48.599322
2021-06-30,0.250000,3.254607,3.910310,172.012930,23.411093
2021-07-31,0.250000,3.814599,3.940050,174.499180,13.317283
2021-08-31,0.500000,4.952805,4.086190,175.606369,12.011600
2021-09-30,1.000000,5.229575,4.107477,178.522992,10.031047
2021-10-31,1.500000,5.826010,4.015050,178.646823,4.769412
2021-11-30,2.000000,5.655148,4.019595,176.923594,3.759395
2021-12-31,2.500000,6.430387,4.036977,195.423679,2.038579
2022-01-31,3.000000,5.684917,3.889286,165.705479,3.072338
2022-02-28,3.500000,6.147044,3.790800,163.059251,4.848171
2022-03-31,4.000000,6.824089,3.738783,171.273598,3.906091
2022-04-30,4.500000,7.964653,3.739737,171.169961,4.059567
2022-05-31,5.000000,8.091139,3.757545,179.824801,2.555612
2022-06-30,5.500000,8.812633,3.747143,178.434872,3.733407
2022-07-31,6.000000,8.740835,3.902184,177.987942,1.999300
2022-08-31,6.500000,8.397988,3.873795,179.134712,2.009235
2022-09-30,6.750000,8.529853,3.897705,182.374712,2.157549
2022-10-31,7.000000,8.275195,3.978714,183.291728,2.600049
2022-11-30,7.250000,8.447230,3.877310,180.809032,2.196111
2022-12-31,7.500000,8.459162,3.829175,197.935841,1.285495
2023-01-31,7.750000,8.664267,3.832786,164.747249,-0.578273
2023-02-28,7.750000,8.645924,3.840875,162.489203,-0.349596
2023-03-31,7.750000,8.400574,3.779609,172.699133,0.832315
2023-04-30,7.750000,7.965046,3.765611,172.353130,0.691225
2023-05-31,7.750000,7.893886,3.688705,177.719177,-1.170931
2023-06-30,7.750000,6.461497,3.651048,177.192993,-0.695984
2023-07-31,7.750000,5.881601,3.601300,176.179874,-1.015838
2023-08-31,7.750000,5.576147,3.696341,179.244836,0.061475
2023-09-30,7.500000,5.044546,3.729667,180.721018,-0.906756
2023-10-31,7.250000,4.343081,3.844409,182.041114,-0.682308
2023-11-30,7.000000,3.636475,3.761881,182.076781,0.701153
2023-12-31,6.750000,3.237383,3.733684,196.064002,-0.945679
2024-01-31,6.500000,3.023922,3.739810,167.763729,1.830975
2024-02-29,6.250000,3.294067,3.827310,167.627778,3.162410
2024-03-31,6.250000,3.045046,3.709553,171.991602,-0.409690
2024-04-30,6.000000,2.422076,3.713159,181.884034,5.529870
2024-05-31,5.750000,2.004938,3.730977,187.861456,5.706913
2024-06-30,5.750000,2.285382,3.784632,177.849645,0.370585
2024-07-31,5.750000,2.127664,3.764400,184.739894,4.858682
2024-08-31,5.500000,2.034097,3.741325,186.361359,3.970281
2024-09-30,5.250000,1.775011,3.768214,187.029144,3.490532
2024-10-31,5.250000,2.009180,3.753591,189.015298,3.831103
2024-11-30,5.000000,2.271991,3.778850,190.055398,4.382007
2024-12-31,5.000000,1.966303,3.734895,205.997040,5.066222
2025-01-31,4.750000,1.851583,3.747750,175.149836,4.402684
2025-02-28,4.750000,1.477329,3.697700,172.373913,2.831354
2025-03-31,4.750000,1.277180,3.652595,180.203242,4.774442
2025-04-30,4.750000,1.651834,3.699700,184.247933,1.299674
2025-05-31,4.500000,1.686663,3.660143,191.660772,2.022403
2025-06-30,4.500000,1.693709,3.603905,186.635509,4.940052
2025-07-31,4.500000,1.688801,3.556200,191.299345,3.550642
2025-08-31,4.500000,1.106331,3.543200,192.259689,3.164996
2025-09-30,4.250000,1.358393,3.502818,195.244587,4.392600
2025-10-31,4.250000,1.351775,3.414091,196.909184,4.176322
2025-11-30,4.250000,1.368613,3.372850,193.075763,1.589202
2025-12-31,4.250000,1.508800,3.366737,214.526623,4.140633
2026-01-31,4.250000,1.700917,3.356750,181.727824,3.755634
2026-02-28,4.250000,2.214166,3.356975,178.717924,3.680378
2026-03-31,4.250000,3.804546,3.446773,186.092157,3.267930
2026-04-30,4.250000,4.014144,3.442675,191.263933,3.807913
2026-05-31,4.250000,3.905052,3.434825,195.830185,2.175413
2026-06-30,4.250000,4.008910,3.404571,189.904151,1.751351
2026-07-31,4.250000,4.065153,3.400000,198.108187,3.559260
